,lifetime_minutes,mergetime_minutes,num_commits,num_commit_comments,num_issue_comments,num_comments,num_participants,team_size,requester_succ_rate,first_response_time,core_member,same_country,same_affiliation,contrib_rate_author
count,2441420.0,1957446.0,2441420.0,2441420.0,2441420.0,2441420.0,2441420.0,2441420.0,2441420.0,1242770.0,2441420.0,202871.0,365926.0,2441420.0
mean,25073.846230882027,14075.440266040545,4.171692293829001,0.045298637678072594,2.3096693727420927,3.9602698429602445,1.2648823225827592,14.404611660427129,0.8131003107256836,6072.406854848444,0.6209218405681939,0.0,0.8675005328946289,0.138357037757051
std,113781.59325711246,69958.14241390652,14.561139252269431,0.9004326811347514,6.212677977475685,11.316373975029135,1.5536621517733262,28.001206859042163,0.3703176336919569,71326.73562216772,0.48515771135156444,0.0,0.3390334385269742,0.22194606609322948
min,0.0,0.0,0.0,0.0,0.0,0.0,0.0,0.0,0.0,-4158180.0,0.0,0.0,0.0,0.0
25%,63.0,52.0,1.0,0.0,0.0,0.0,0.0,3.0,0.945652,6.0,0.0,0.0,1.0,0.0022793125
50%,1072.0,873.0,1.0,0.0,1.0,1.0,1.0,6.0,0.99262,64.0,1.0,0.0,1.0,0.0298851
75%,7144.0,5383.0,3.0,0.0,2.0,3.0,2.0,13.0,1.0,1057.0,1.0,0.0,1.0,0.1734675
max,3991780.0,3722750.0,2001.0,311.0,974.0,1005.0,198.0,277.0,1.0,3676119.0,1.0,0.0,1.0,1.0
