,lifetime_minutes,mergetime_minutes,num_commits,num_commit_comments,num_issue_comments,num_comments,num_participants,team_size,requester_succ_rate,first_response_time,core_member,same_country,same_affiliation,contrib_rate_author
count,320692.0,320692.0,320692.0,320692.0,320692.0,320692.0,320692.0,320692.0,320692.0,320692.0,320692.0,320692.0,111853.0,320692.0
mean,14572.822006785327,14549.113838199894,5.51473064498023,0.0800612425629576,3.4420752622453943,6.603763112269717,2.144602921182942,14.035289311863096,0.9022034228797412,1563.201124443391,0.8459238147506019,1.0,0.9388214889184913,0.2020534513826354
std,67836.25712068097,67656.19628028007,15.505690763616412,1.3454582622704212,6.644410853050393,12.71369614242123,1.251492934273762,24.62618597063871,0.2679897553107526,37355.43720611927,0.36102232730539063,0.0,0.23965853700768974,0.24079887675704656
min,0.0,0.0,0.0,0.0,0.0,1.0,1.0,0.0,0.0,-2481630.0,0.0,1.0,0.0,0.0
25%,137.0,137.0,1.0,0.0,1.0,1.0,1.0,4.0,0.969543,5.0,1.0,1.0,1.0,0.0207469
50%,1334.0,1334.0,2.0,0.0,2.0,3.0,2.0,7.0,0.990654,33.0,1.0,1.0,1.0,0.102439
75%,6722.0,6720.0,4.0,0.0,4.0,7.0,3.0,14.0,1.0,602.0,1.0,1.0,1.0,0.29826600000000003
max,3327520.0,3327520.0,715.0,209.0,482.0,1636.0,60.0,274.0,1.0,2226307.0,1.0,1.0,1.0,1.0
