,lifetime_minutes,mergetime_minutes,num_commits,num_commit_comments,num_issue_comments,num_comments,num_participants,team_size,requester_succ_rate,first_response_time,core_member,same_country,same_affiliation,contrib_rate_author
count,906517.0,752650.0,906517.0,906517.0,906517.0,906517.0,906517.0,906517.0,906517.0,405119.0,906517.0,906517.0,274787.0,906517.0
mean,15192.017157979388,7990.742702451339,4.696556159454262,0.04356895678735203,1.785988569436646,3.1678556497009986,1.068833789107099,12.14729674126354,0.9008269929413018,3073.402864343563,0.8338575007418504,1.0,0.9532292284569502,0.2533746008100526
std,84260.77423356204,49119.01757583214,15.632505154399018,0.965615289228349,5.085992989979295,9.319586142445324,1.397054111333916,22.865911428829786,0.27293969395106515,48160.83926472249,0.37220870761490205,0.0,0.21114788353081926,0.28732747125309516
min,0.0,0.0,0.0,0.0,0.0,0.0,0.0,0.0,0.0,-2513375.0,0.0,1.0,0.0,0.0
25%,18.0,15.0,1.0,0.0,0.0,0.0,0.0,3.0,0.972222,5.0,1.0,1.0,1.0,0.0238852
50%,275.0,196.0,2.0,0.0,0.0,1.0,1.0,6.0,0.993174,37.0,1.0,1.0,1.0,0.131498
75%,3279.0,2501.0,3.0,0.0,2.0,3.0,2.0,12.0,1.0,706.0,1.0,1.0,1.0,0.400657
max,3928860.0,3327520.0,715.0,209.0,673.0,1636.0,97.0,276.0,1.0,3070513.0,1.0,1.0,1.0,1.0
