,lifetime_minutes,mergetime_minutes,num_commits,num_commit_comments,num_issue_comments,num_comments,num_participants,team_size,requester_succ_rate,first_response_time,core_member,same_country,same_affiliation,contrib_rate_author
count,537.0,537.0,537.0,537.0,537.0,537.0,537.0,537.0,537.0,537.0,537.0,164.0,74.0,537.0
mean,362103.76722532586,362103.7579143389,28.353817504655492,1.9366852886405959,61.94599627560521,100.71880819366852,16.51396648044693,62.9366852886406,0.6480202662942273,5893.618249534451,0.5735567970204841,0.5792682926829268,0.6891891891891891,0.029498069198435752
std,464977.84474571794,464977.8506901526,60.41119630761652,13.302020333856778,66.30390560933968,108.95759941472066,6.401688392525346,81.43578469287581,0.4634680929458064,28050.85949067447,0.495020929976799,0.49518858151053613,0.46598476298434927,0.09922411719629018
min,72.0,72.0,0.0,0.0,0.0,15.0,13.0,0.0,0.0,0.0,0.0,0.0,0.0,0.0
25%,48686.0,48686.0,2.0,0.0,26.0,38.0,13.0,7.0,0.0,1.0,0.0,0.0,0.0,0.000149054
50%,166509.0,166509.0,6.0,0.0,41.0,64.0,15.0,24.0,0.977679,19.0,1.0,1.0,1.0,0.00159542
75%,508423.0,508423.0,19.0,0.0,69.0,125.0,17.0,84.0,1.0,397.0,1.0,1.0,1.0,0.0113382
max,2784300.0,2784300.0,472.0,204.0,791.0,1005.0,94.0,273.0,1.0,390247.0,1.0,1.0,1.0,0.81982
