,lifetime_minutes,mergetime_minutes,num_commits,num_commit_comments,num_issue_comments,num_comments,num_participants,team_size,requester_succ_rate,first_response_time,core_member,same_country,same_affiliation,contrib_rate_author
count,201.0,121.0,201.0,201.0,201.0,201.0,201.0,201.0,201.0,201.0,201.0,59.0,20.0,201.0
mean,348871.4029850746,279753.0991735537,70.7910447761194,14.716417910447761,65.02487562189054,104.27860696517413,29.930348258706466,44.98009950248756,0.565302407960199,-67940.27860696518,0.4427860696517413,0.6440677966101694,0.75,0.03188456379303482
std,493476.65798913105,416920.39089482074,97.43939716255937,31.746404191726626,70.89699837164795,111.35996583175549,18.991975262676327,53.66795693884806,0.48753880504637037,291488.1552868349,0.4979560211554582,0.4829047119687414,0.4442616583193193,0.09303628340621235
min,0.0,0.0,1.0,0.0,0.0,22.0,20.0,0.0,0.0,-2405082.0,0.0,0.0,0.0,0.0
25%,8907.0,1585.0,3.0,0.0,22.0,45.0,21.0,4.0,0.0,-66.0,0.0,0.0,0.75,0.0
50%,104014.0,73807.0,11.0,0.0,48.0,65.0,24.0,19.0,0.954545,13.0,0.0,1.0,1.0,0.00136705
75%,581020.0,459361.0,142.0,18.0,81.0,109.0,30.0,80.0,1.0,198.0,1.0,1.0,1.0,0.0233159
max,3100600.0,2461180.0,593.0,208.0,472.0,878.0,198.0,270.0,1.0,332947.0,1.0,1.0,1.0,0.809259
