,lifetime_minutes,mergetime_minutes,num_commits,num_commit_comments,num_issue_comments,num_comments,num_participants,team_size,requester_succ_rate,first_response_time,core_member,same_country,same_affiliation,contrib_rate_author
count,121.0,121.0,121.0,121.0,121.0,121.0,121.0,121.0,121.0,121.0,121.0,35.0,9.0,121.0
mean,279753.1074380165,279753.0991735537,87.3305785123967,17.115702479338843,57.72727272727273,97.23140495867769,28.09090909090909,44.68595041322314,0.5912999504132233,-76242.14049586777,0.45454545454545453,0.5714285714285714,0.6666666666666666,0.03910962611818181
std,416920.38534820615,416920.39089482074,97.9229619334975,32.40169493577063,68.54742883580681,113.3182656893538,12.487326909043958,58.451266461593356,0.4837082979923239,268673.93752338865,0.49999999999999994,0.5020964452534338,0.5,0.11105073732369529
min,0.0,0.0,1.0,0.0,0.0,22.0,20.0,0.0,0.0,-1562139.0,0.0,0.0,0.0,0.0
25%,1585.0,1585.0,4.0,0.0,7.0,42.0,21.0,4.0,0.0,-7757.0,0.0,0.0,0.0,0.0
50%,73807.0,73807.0,33.0,0.0,45.0,62.0,24.0,19.0,0.970588,9.0,0.0,1.0,1.0,0.00172652
75%,459361.0,459361.0,175.0,31.0,71.0,105.0,30.0,80.0,1.0,115.0,1.0,1.0,1.0,0.0328024
max,2461180.0,2461180.0,347.0,208.0,364.0,878.0,94.0,270.0,1.0,94874.0,1.0,1.0,1.0,0.809259
