,lifetime_minutes,mergetime_minutes,num_commits,num_commit_comments,num_issue_comments,num_comments,num_participants,team_size,requester_succ_rate,first_response_time,core_member,same_country,same_affiliation,contrib_rate_author
count,1277660.0,1277660.0,1277660.0,1277660.0,1277660.0,1277660.0,1277660.0,1277660.0,1277660.0,1277660.0,1277660.0,415319.0,271204.0,1277660.0
mean,20565.86470109419,20534.279472629652,5.026609583144185,0.06957797849193056,3.8327246685346648,7.089832193228245,2.237452843479486,16.638131427766385,0.8269018620069103,2710.490453641814,0.6864823192398604,0.7712288626333011,0.8841351897464639,0.12977655232520255
std,85724.71598826243,85562.29131043755,14.238178986408336,0.9798658259749687,6.959026108271139,13.401251544693192,1.2867432908728869,32.54060048083248,0.357036899103218,47091.97906103594,0.46392296026713864,0.420042056100897,0.3200633276766624,0.2015854919713266
min,0.0,0.0,0.0,0.0,0.0,1.0,1.0,0.0,0.0,-2711607.0,0.0,0.0,0.0,0.0
25%,265.0,265.0,1.0,0.0,1.0,1.0,1.0,4.0,0.951705,6.0,0.0,1.0,1.0,0.00328925
50%,1874.0,1873.0,2.0,0.0,2.0,3.0,2.0,7.0,0.990476,47.0,1.0,1.0,1.0,0.03414075
75%,9631.0,9627.0,4.0,0.0,4.0,7.0,3.0,15.0,1.0,851.0,1.0,1.0,1.0,0.16848125
max,3722750.0,3722750.0,2001.0,244.0,727.0,1636.0,9.0,277.0,1.0,3138525.0,1.0,1.0,1.0,1.0
