,lifetime_minutes,mergetime_minutes,num_commits,num_commit_comments,num_issue_comments,num_comments,num_participants,team_size,requester_succ_rate,first_response_time,core_member,same_country,same_affiliation,contrib_rate_author
count,3343961.0,2707707.0,3343961.0,3343961.0,3343961.0,3343961.0,3343961.0,3343961.0,3343961.0,1643913.0,3343961.0,1108224.0,640046.0,3343961.0
mean,22101.25965225073,12201.430449084779,4.283888478364431,0.04145712225710766,2.1168395803659195,3.6592053555648527,1.1982995615080438,13.72633113843134,0.8370269479443897,5391.536134211482,0.6786792668933639,0.817317618098868,0.9043834349406137,0.16966957157141616
std,105555.0903334462,63799.78886212754,14.675113173543421,0.7646114860211228,5.509357933935572,10.16748732462453,1.4492338742950255,26.527339429452738,0.34867979115040754,66032.49412353865,0.466983709348263,0.38640608687343136,0.2940649123098752,0.2468338835706934
min,0.0,0.0,0.0,0.0,0.0,0.0,0.0,0.0,0.0,-4158180.0,0.0,0.0,0.0,0.0
25%,43.0,35.0,1.0,0.0,0.0,0.0,0.0,3.0,0.957983,6.0,0.0,1.0,1.0,0.00410454
50%,889.0,629.0,1.0,0.0,1.0,1.0,1.0,6.0,0.992823,56.0,1.0,1.0,1.0,0.0487934
75%,5815.0,4300.0,3.0,0.0,2.0,3.0,2.0,13.0,1.0,980.0,1.0,1.0,1.0,0.2358
max,3991780.0,3722750.0,2001.0,311.0,974.0,1636.0,9.0,277.0,1.0,3676119.0,1.0,1.0,1.0,1.0
