,lifetime_minutes,mergetime_minutes,num_commits,num_commit_comments,num_issue_comments,num_comments,num_participants,team_size,requester_succ_rate,first_response_time,core_member,same_country,same_affiliation,contrib_rate_author
count,177987.0,177987.0,177987.0,177987.0,177987.0,177987.0,177987.0,177987.0,177987.0,177987.0,177987.0,51493.0,40809.0,177987.0
mean,53582.178490563914,53570.97936366139,7.782725704686297,0.10646844994297336,12.26623854551175,22.45348817610275,4.778208520847028,38.882682443099775,0.8047341914083613,2871.653660098771,0.6887188390163327,0.6987551706057133,0.8447156264549487,0.061770922884956336
std,149636.76234765307,149616.33513704452,19.01771897015382,1.1963203401802716,14.963505688856571,27.539899548053636,1.2049777077681207,62.821734648546,0.37400057916592255,23871.291793698394,0.4630187947657188,0.4588033021904981,0.3621799983797461,0.12294187979281325
min,0.0,0.0,0.0,0.0,0.0,4.0,4.0,0.0,0.0,0.0,0.0,0.0,0.0,0.0
25%,2888.0,2888.0,2.0,0.0,5.0,8.0,4.0,7.0,0.933333,1.0,0.0,0.0,1.0,0.000974659
50%,10125.0,10124.0,3.0,0.0,8.0,14.0,4.0,14.0,0.987013,16.0,1.0,1.0,1.0,0.0103518
75%,35955.5,35948.5,7.0,0.0,14.0,26.0,5.0,34.0,1.0,280.0,1.0,1.0,1.0,0.0619639
max,3658530.0,3658530.0,2001.0,149.0,800.0,1636.0,12.0,277.0,1.0,1848789.0,1.0,1.0,1.0,1.0
