,lifetime_minutes,mergetime_minutes,num_commits,num_commit_comments,num_issue_comments,num_comments,num_participants,team_size,requester_succ_rate,first_response_time,core_member,same_country,same_affiliation,contrib_rate_author
count,3775.0,2268.0,3775.0,3775.0,3775.0,3775.0,3775.0,3775.0,3775.0,3775.0,3775.0,1105.0,647.0,3775.0
mean,268010.06701986754,217988.52733686066,27.27841059602649,2.251655629139073,44.02728476821192,75.01907284768212,11.640264900662253,71.5446357615894,0.6980789703311259,-15327.518675496689,0.6015894039735099,0.6407239819004525,0.794435857805255,0.02680347139055629
std,382371.176053652,344522.5336789605,61.82542560561313,12.676553129516211,45.870108163287895,77.03196300578331,2.0365941866396478,81.48229335627029,0.4421983422654832,143184.70605478,0.48963568201935653,0.4800054921320002,0.40442591863750255,0.0878153342381967
min,0.0,0.0,0.0,0.0,0.0,10.0,10.0,0.0,0.0,-2488161.0,0.0,0.0,0.0,0.0
25%,30403.0,26670.75,2.0,0.0,19.0,29.0,10.0,10.0,0.0,0.0,0.0,0.0,1.0,0.00013901750000000002
50%,111819.0,80399.5,5.0,0.0,31.0,50.0,11.0,38.0,0.982301,7.0,1.0,1.0,1.0,0.00167785
75%,352923.5,253120.5,17.0,0.0,53.0,90.0,12.0,92.0,1.0,208.0,1.0,1.0,1.0,0.013934499999999999
max,2886220.0,2809360.0,828.0,209.0,800.0,1005.0,19.0,276.0,1.0,393213.0,1.0,1.0,1.0,1.0
