,lifetime_minutes,mergetime_minutes,num_commits,num_commit_comments,num_issue_comments,num_comments,num_participants,team_size,requester_succ_rate,first_response_time,core_member,same_country,same_affiliation,contrib_rate_author
count,2268.0,2268.0,2268.0,2268.0,2268.0,2268.0,2268.0,2268.0,2268.0,2268.0,2268.0,593.0,397.0,2268.0
mean,217988.54100529102,217988.52733686066,29.68121693121693,2.4872134038800704,47.54453262786596,82.76719576719577,11.54673721340388,77.29056437389771,0.7255882345679013,-16201.5639329806,0.6481481481481481,0.6172006745362564,0.7858942065491183,0.030024800725762787
std,344522.5282492215,344522.5336789606,63.76546585741306,14.233862300504653,50.887693458051615,84.26907007242474,1.974478300477284,89.28537911013035,0.42851194857835084,151884.06686907544,0.47765334986664504,0.4864803145925133,0.4107181673872082,0.09602902298589096
min,0.0,0.0,0.0,0.0,0.0,10.0,10.0,0.0,0.0,-2488161.0,0.0,0.0,0.0,0.0
25%,26670.75,26670.75,2.0,0.0,19.0,32.0,10.0,10.0,0.0,0.0,0.0,0.0,1.0,0.00022204
50%,80399.5,80399.5,5.0,0.0,34.0,55.5,11.0,37.0,0.98463,5.0,1.0,1.0,1.0,0.001963525
75%,253120.5,253120.5,19.0,0.0,57.0,100.0,12.0,103.0,1.0,186.25,1.0,1.0,1.0,0.015049975
max,2809360.0,2809360.0,620.0,209.0,800.0,1005.0,19.0,275.0,1.0,393213.0,1.0,1.0,1.0,1.0
