,lifetime_minutes,mergetime_minutes,num_commits,num_commit_comments,num_issue_comments,num_comments,num_participants,team_size,requester_succ_rate,first_response_time,core_member,same_country,same_affiliation,contrib_rate_author
count,261935.0,216790.0,261935.0,261935.0,261935.0,261935.0,261935.0,261935.0,261935.0,130948.0,261935.0,261935.0,261935.0,261935.0
mean,12065.563830721363,6606.342349739379,4.257537175253402,0.0486380208830435,2.2236394525359344,3.8355660755530954,1.2327905778151067,15.908034436024204,0.9391026230732817,1783.266533280386,0.9074579571267681,1.0,1.0,0.2164725818897325
std,69427.42101481129,40094.160521749014,14.155290007943696,1.2230438140136617,6.120014227645105,10.085450548183562,1.4480254376709516,24.89606021693948,0.20350310383696166,33307.17305934405,0.28979015473547814,0.0,0.0,0.25387058811057117
min,0.0,0.0,0.0,0.0,0.0,0.0,0.0,0.0,0.0,-2410317.0,0.0,1.0,1.0,0.0
25%,24.0,22.0,1.0,0.0,0.0,0.0,0.0,4.0,0.9751505,4.0,1.0,1.0,1.0,0.0285714
50%,319.0,239.0,2.0,0.0,1.0,1.0,1.0,8.0,0.992188,25.0,1.0,1.0,1.0,0.10776
75%,3140.0,2549.0,3.0,0.0,2.0,4.0,2.0,18.0,1.0,435.0,1.0,1.0,1.0,0.3230695
max,3515680.0,2601780.0,500.0,209.0,482.0,490.0,34.0,276.0,1.0,2255170.0,1.0,1.0,1.0,1.0
