,lifetime_minutes,mergetime_minutes,num_commits,num_commit_comments,num_issue_comments,num_comments,num_participants,team_size,requester_succ_rate,first_response_time,core_member,same_country,same_affiliation,contrib_rate_author
count,1280049.0,1280049.0,1280049.0,1280049.0,1280049.0,1280049.0,1280049.0,1280049.0,1280049.0,1280049.0,1280049.0,415947.0,271610.0,1280049.0
mean,20940.15997121985,20908.63366636746,5.078072792525911,0.07547289205335109,3.9152680873935295,7.232438758203788,2.256390966283322,16.74824713741427,0.8267000829044439,2669.518734829682,0.6863924740381032,0.7709924581737577,0.8839843893818342,0.12959124092642127
std,87388.71804511003,87229.82475986228,14.565783236679398,1.2055580520555382,7.550994452884989,14.2805365790119,1.3749598104659273,32.83189546205711,0.3572225680397983,47564.26658460108,0.46395906477386645,0.420194612172199,0.3202442291406938,0.20148630107432977
min,0.0,0.0,0.0,0.0,0.0,1.0,1.0,0.0,0.0,-2711607.0,0.0,0.0,0.0,0.0
25%,266.0,266.0,1.0,0.0,1.0,1.0,1.0,4.0,0.951613,5.0,0.0,1.0,1.0,0.00326459
50%,1890.0,1889.0,2.0,0.0,2.0,3.0,2.0,7.0,0.990476,47.0,1.0,1.0,1.0,0.0339595
75%,9696.0,9692.0,4.0,0.0,4.0,7.0,3.0,15.0,1.0,850.0,1.0,1.0,1.0,0.168116
max,3722750.0,3722750.0,2001.0,244.0,800.0,1636.0,94.0,277.0,1.0,3138525.0,1.0,1.0,1.0,1.0
