,lifetime_minutes,mergetime_minutes,num_commits,num_commit_comments,num_issue_comments,num_comments,num_participants,team_size,requester_succ_rate,first_response_time,core_member,same_country,same_affiliation,contrib_rate_author
count,1032329.0,1032329.0,1032329.0,1032329.0,1032329.0,1032329.0,1032329.0,1032329.0,1032329.0,1032329.0,1032329.0,302998.0,31400.0,1032329.0
mean,23044.685542109153,23010.901766781713,4.771029390824049,0.04573541961913305,3.9013444357370566,7.095575150945096,2.2409648474468895,16.51981199791927,0.8022491555610181,4384.408181887751,0.6380737148719061,0.7058429428577087,0.0,0.12231985406913465
std,93303.12332686881,93129.14135793613,12.618954860155974,0.7104092556354406,7.426605531919133,14.23217724960451,1.3652031075604174,34.632272551025125,0.37864699045251116,32985.71157294231,0.4805578768111348,0.45566365679702886,0.0,0.1994551450057232
min,0.0,0.0,0.0,0.0,0.0,1.0,1.0,0.0,0.0,0.0,0.0,0.0,0.0,0.0
25%,307.0,307.0,1.0,0.0,1.0,1.0,1.0,4.0,0.9375,6.0,0.0,0.0,0.0,0.00215866
50%,2219.0,2217.0,2.0,0.0,2.0,3.0,2.0,7.0,0.990291,55.0,1.0,1.0,0.0,0.0258709
75%,10212.0,10209.0,4.0,0.0,4.0,7.0,3.0,14.0,1.0,931.0,1.0,1.0,0.0,0.151267
max,3722750.0,3722750.0,2001.0,244.0,800.0,1636.0,63.0,277.0,1.0,3138525.0,1.0,1.0,0.0,1.0
