,lifetime_minutes,mergetime_minutes,num_commits,num_commit_comments,num_issue_comments,num_comments,num_participants,team_size,requester_succ_rate,first_response_time,core_member,same_country,same_affiliation,contrib_rate_author
count,1248538.0,1248538.0,1248538.0,1248538.0,1248538.0,1248538.0,1248538.0,1248538.0,1248538.0,1248538.0,1248538.0,404462.0,240099.0,1248538.0
mean,20863.916736214676,20831.890105066886,5.107653111078718,0.07497328875853197,3.882631525832614,7.193772236007234,2.2492050702501647,16.512608346722327,0.8279439470546751,2634.7484065362846,0.6883747230761098,0.7759665926588901,1.0,0.1313356813084946
std,87219.2679737224,87056.56367414692,14.642260494808067,1.194579995686442,7.486691225861913,14.16963851249577,1.37066126877422,32.6208484158909,0.35609359283342484,47697.98228003351,0.46315778684921177,0.41694468403956936,0.0,0.20284153749162695
min,0.0,0.0,0.0,0.0,0.0,1.0,1.0,0.0,0.0,-2711607.0,0.0,0.0,1.0,0.0
25%,263.0,262.0,1.0,0.0,1.0,1.0,1.0,4.0,0.952381,6.0,0.0,1.0,1.0,0.00339076
50%,1867.0,1866.0,2.0,0.0,2.0,3.0,2.0,7.0,0.990521,47.0,1.0,1.0,1.0,0.0350877
75%,9649.0,9646.0,4.0,0.0,4.0,7.0,3.0,15.0,1.0,853.0,1.0,1.0,1.0,0.17150474999999998
max,3722750.0,3722750.0,2001.0,244.0,800.0,1636.0,94.0,277.0,1.0,3138525.0,1.0,1.0,1.0,1.0
