,lifetime_minutes,mergetime_minutes,num_commits,num_commit_comments,num_issue_comments,num_comments,num_participants,team_size,requester_succ_rate,first_response_time,core_member,same_country,same_affiliation,contrib_rate_author
count,61337.0,48189.0,61337.0,61337.0,61337.0,61337.0,61337.0,61337.0,61337.0,40061.0,61337.0,21238.0,61337.0,61337.0
mean,34460.072289156626,18020.10494096163,3.3669563232632833,0.06087679540897012,3.529941144822864,5.749498671275087,1.740026411464532,22.98097396351305,0.7818427982962975,8377.765882029904,0.5857638945497824,0.6051417270929466,0.0,0.08025940830416112
std,133716.45277304668,79148.54604186813,11.23556168621116,1.1726851773063673,8.12602619969245,14.86890018660746,1.7299337793693776,35.89559516696115,0.3939713732563178,68999.58700353281,0.4925936564561781,0.48883173852350287,0.0,0.1542177453600256
min,0.0,0.0,0.0,0.0,0.0,0.0,0.0,0.0,0.0,-1809246.0,0.0,0.0,0.0,0.0
25%,219.0,170.0,1.0,0.0,0.0,0.0,0.0,5.0,0.909091,5.0,0.0,0.0,0.0,0.000899025
50%,1757.0,1374.0,1.0,0.0,1.0,2.0,1.0,9.0,0.991597,60.0,1.0,1.0,0.0,0.0105024
75%,11307.0,8183.0,2.0,0.0,4.0,6.0,3.0,22.0,1.0,908.0,1.0,1.0,0.0,0.0727362
max,3204270.0,3204270.0,433.0,204.0,386.0,878.0,36.0,276.0,1.0,3043092.0,1.0,1.0,0.0,1.0
