,lifetime_minutes,mergetime_minutes,num_commits,num_commit_comments,num_issue_comments,num_comments,num_participants,team_size,requester_succ_rate,first_response_time,core_member,same_country,same_affiliation,contrib_rate_author
count,240099.0,240099.0,240099.0,240099.0,240099.0,240099.0,240099.0,240099.0,240099.0,240099.0,240099.0,110717.0,240099.0,240099.0
mean,11659.628978046556,11637.34897688037,4.753818216652298,0.06789699249059764,3.9287793785063663,7.659594583900808,2.2945993111174974,17.918337852302592,0.9329164909874675,1353.9664638336685,0.8948225523638166,0.9484541669301011,1.0,0.1603062596591737
std,51482.78484847016,51403.34195626381,13.31223302759348,1.3483647050306848,7.7737629913730615,14.152685856736813,1.3210697604059431,24.00737691696031,0.21262997415411458,27655.973112253476,0.30678256816730554,0.2211092529339134,0.0,0.20687345718679886
min,0.0,0.0,0.0,0.0,0.0,1.0,1.0,0.0,0.0,-2410317.0,0.0,0.0,1.0,0.0
25%,166.0,165.0,1.0,0.0,1.0,2.0,1.0,5.0,0.971429,4.0,1.0,1.0,1.0,0.01739695
50%,1401.0,1401.0,2.0,0.0,2.0,3.0,2.0,10.0,0.990798,28.0,1.0,1.0,1.0,0.0729866
75%,6987.0,6985.0,4.0,0.0,4.0,8.0,3.0,21.0,1.0,496.0,1.0,1.0,1.0,0.222481
max,2676020.0,2676020.0,500.0,209.0,615.0,615.0,94.0,274.0,1.0,1614093.0,1.0,1.0,1.0,1.0
